
CREATE DATABASE ag_admin_v1 DEFAULT CHARACTER SET utf8mb4 COLLATE utf8mb4_general_ci;
Use ag_admin_v1;
/*
 Navicat Premium Data Transfer

 Source Server         : ag-admin
 Source Server Type    : MySQL
 Source Server Version : 50718
 Source Host           : localhost
 Source Database       : ag_admin_v1

 Target Server Type    : MySQL
 Target Server Version : 50718
 File Encoding         : utf-8

 Date: 02/25/2018 09:44:05 AM
*/

SET NAMES utf8;
SET FOREIGN_KEY_CHECKS = 0;

-- ----------------------------
--  Table structure for `base_element`
-- ----------------------------
DROP TABLE IF EXISTS `base_element`;
CREATE TABLE `base_element` (
  `id` int(11) NOT NULL AUTO_INCREMENT,
  `code` varchar(255) DEFAULT NULL COMMENT '资源编码',
  `type` varchar(255) DEFAULT NULL COMMENT '资源类型',
  `name` varchar(255) DEFAULT NULL COMMENT '资源名称',
  `uri` varchar(255) DEFAULT NULL COMMENT '资源路径',
  `menu_id` varchar(255) DEFAULT NULL COMMENT '资源关联菜单',
  `parent_id` varchar(255) DEFAULT NULL,
  `path` varchar(2000) DEFAULT NULL COMMENT '资源树状检索路径',
  `method` varchar(10) DEFAULT NULL COMMENT '资源请求类型',
  `description` varchar(255) DEFAULT NULL COMMENT '描述',
  `crt_time` datetime DEFAULT NULL,
  `crt_user` varchar(255) DEFAULT NULL,
  `crt_name` varchar(255) DEFAULT NULL,
  `crt_host` varchar(255) DEFAULT NULL,
  `attr1` varchar(255) DEFAULT NULL,
  `attr2` varchar(255) DEFAULT NULL,
  `attr3` varchar(255) DEFAULT NULL,
  `attr4` varchar(255) DEFAULT NULL,
  `attr5` varchar(255) DEFAULT NULL,
  `attr6` varchar(255) DEFAULT NULL,
  `attr7` varchar(255) DEFAULT NULL,
  `attr8` varchar(255) DEFAULT NULL,
  PRIMARY KEY (`id`)
) ENGINE=InnoDB AUTO_INCREMENT=47 DEFAULT CHARSET=utf8mb4;

-- ----------------------------
--  Records of `base_element`
-- ----------------------------
BEGIN;
INSERT INTO `base_element` VALUES ('3', 'userManager:btn_add', 'button', '新增', '/admin/user', '1', null, null, 'POST', '', null, null, null, null, null, null, null, null, null, null, null, null), ('4', 'userManager:btn_edit', 'button', '编辑', '/admin/user', '1', null, null, 'PUT', '', null, null, null, null, null, null, null, null, null, null, null, null), ('5', 'userManager:btn_del', 'button', '删除', '/admin/user', '1', null, null, 'DELETE', '', null, null, null, null, null, null, null, null, null, null, null, null), ('9', 'menuManager:element', 'uri', '按钮页面', '/admin/element', '6', null, null, 'GET', '', null, null, null, null, null, null, null, null, null, null, null, null), ('10', 'menuManager:btn_add', 'button', '新增', '/admin/menu', '6', null, null, 'POST', '', null, null, null, null, null, null, null, null, null, null, null, null), ('11', 'menuManager:btn_edit', 'button', '编辑', '/admin/menu', '6', '', '', 'PUT', '', '2017-06-24 00:00:00', '', '', '', '', '', '', '', '', '', '', ''), ('12', 'menuManager:btn_del', 'button', '删除', '/admin/menu', '6', '', '', 'DELETE', '', '2017-06-24 00:00:00', '', '', '', '', '', '', '', '', '', '', ''), ('13', 'menuManager:btn_element_add', 'button', '新增元素', '/admin/element', '6', null, null, 'POST', '', null, null, null, null, null, null, null, null, null, null, null, null), ('14', 'menuManager:btn_element_edit', 'button', '编辑元素', '/admin/element', '6', null, null, 'PUT', '', null, null, null, null, null, null, null, null, null, null, null, null), ('15', 'menuManager:btn_element_del', 'button', '删除元素', '/admin/element', '6', null, null, 'DELETE', '', null, null, null, null, null, null, null, null, null, null, null, null), ('16', 'groupManager:btn_add', 'button', '新增', '/admin/group', '7', null, null, 'POST', '', null, null, null, null, null, null, null, null, null, null, null, null), ('17', 'groupManager:btn_edit', 'button', '编辑', '/admin/group', '7', null, null, 'PUT', '', null, null, null, null, null, null, null, null, null, null, null, null), ('18', 'groupManager:btn_del', 'button', '删除', '/admin/group', '7', null, null, 'DELETE', '', null, null, null, null, null, null, null, null, null, null, null, null), ('19', 'groupManager:btn_userManager', 'button', '分配用户', '/admin/group/{*}/user', '7', null, null, 'PUT', '', null, null, null, null, null, null, null, null, null, null, null, null), ('20', 'groupManager:btn_resourceManager', 'button', '分配权限', '/admin/group/{*}/authority', '7', null, null, 'GET', '', null, null, null, null, null, null, null, null, null, null, null, null), ('21', 'groupManager:menu', 'uri', '分配菜单', '/admin/group/{*}/authority/menu', '7', null, null, 'POST', '', null, null, null, null, null, null, null, null, null, null, null, null), ('22', 'groupManager:element', 'uri', '分配资源', '/admin/group/{*}/authority/element', '7', null, null, 'POST', '', null, null, null, null, null, null, null, null, null, null, null, null), ('23', 'userManager:view', 'uri', '查看', '/admin/user', '1', '', '', 'GET', '', '2017-06-26 00:00:00', '', '', '', '', '', '', '', '', '', '', ''), ('24', 'menuManager:view', 'uri', '查看', '/admin/menu', '6', '', '', 'GET', '', '2017-06-26 00:00:00', '', '', '', '', '', '', '', '', '', '', ''), ('27', 'menuManager:element_view', 'uri', '查看', '/admin/element', '6', null, null, 'GET', null, null, null, null, null, null, null, null, null, null, null, null, null), ('28', 'groupManager:view', 'uri', '查看', '/admin/group', '7', null, null, 'GET', null, null, null, null, null, null, null, null, null, null, null, null, null), ('32', 'groupTypeManager:view', 'uri', '查看', '/admin/groupType', '8', null, null, 'GET', '', null, null, null, null, null, null, null, null, null, null, null, null), ('33', 'groupTypeManager:btn_add', 'button', '新增', '/admin/groupType', '8', null, null, 'POST', null, null, null, null, null, null, null, null, null, null, null, null, null), ('34', 'groupTypeManager:btn_edit', 'button', '编辑', '/admin/groupType', '8', null, null, 'PUT', null, null, null, null, null, null, null, null, null, null, null, null, null), ('35', 'groupTypeManager:btn_del', 'button', '删除', '/admin/groupType', '8', null, null, 'DELETE', null, null, null, null, null, null, null, null, null, null, null, null, null), ('41', 'gateLogManager:view', 'button', '查看', '/admin/gateLog', '27', null, null, 'GET', '', '2017-07-01 00:00:00', '1', 'admin', '0:0:0:0:0:0:0:1', null, null, null, null, null, null, null, null), ('42', 'serviceManager:view', 'URI', '查看', '/auth/service', '30', null, null, 'GET', null, '2017-12-26 20:17:42', '1', 'Mr.AG', '127.0.0.1', null, null, null, null, null, null, null, null), ('43', 'serviceManager:btn_add', 'button', '新增', '/admin/groupType', '30', null, null, 'POST', null, null, null, null, null, null, null, null, null, null, null, null, null), ('44', 'serviceManager:btn_edit', 'button', '编辑', '/admin/groupType', '30', null, null, 'PUT', null, null, null, null, null, null, null, null, null, null, null, null, null), ('45', 'serviceManager:btn_del', 'button', '删除', '/admin/groupType', '30', null, null, 'DELETE', null, null, null, null, null, null, null, null, null, null, null, null, null), ('46', 'serviceManager:btn_clientManager', 'button', '服务授权', '/auth/service/{*}/client', '30', null, null, 'POST', null, '2017-12-30 16:32:48', '1', 'Mr.AG', '127.0.0.1', null, null, null, null, null, null, null, null);
COMMIT;

-- ----------------------------
--  Table structure for `base_menu`
-- ----------------------------
DROP TABLE IF EXISTS `base_menu`;
CREATE TABLE `base_menu` (
  `id` int(11) NOT NULL AUTO_INCREMENT,
  `code` varchar(255) DEFAULT NULL COMMENT '路径编码',
  `title` varchar(255) DEFAULT NULL COMMENT '标题',
  `parent_id` int(11) NOT NULL COMMENT '父级节点',
  `href` varchar(255) DEFAULT NULL COMMENT '资源路径',
  `icon` varchar(255) DEFAULT NULL COMMENT '图标',
  `type` char(10) DEFAULT NULL,
  `order_num` int(11) NOT NULL DEFAULT '0' COMMENT '排序',
  `description` varchar(255) DEFAULT NULL COMMENT '描述',
  `path` varchar(500) DEFAULT NULL COMMENT '菜单上下级关系',
  `enabled` char(1) DEFAULT NULL COMMENT '启用禁用',
  `crt_time` datetime DEFAULT NULL,
  `crt_user` varchar(255) DEFAULT NULL,
  `crt_name` varchar(255) DEFAULT NULL,
  `crt_host` varchar(255) DEFAULT NULL,
  `upd_time` datetime DEFAULT NULL,
  `upd_user` varchar(255) DEFAULT NULL,
  `upd_name` varchar(255) DEFAULT NULL,
  `upd_host` varchar(255) DEFAULT NULL,
  `attr1` varchar(255) DEFAULT NULL,
  `attr2` varchar(255) DEFAULT NULL,
  `attr3` varchar(255) DEFAULT NULL,
  `attr4` varchar(255) DEFAULT NULL,
  `attr5` varchar(255) DEFAULT NULL,
  `attr6` varchar(255) DEFAULT NULL,
  `attr7` varchar(255) DEFAULT NULL,
  `attr8` varchar(255) DEFAULT NULL,
  PRIMARY KEY (`id`)
) ENGINE=InnoDB AUTO_INCREMENT=35 DEFAULT CHARSET=utf8mb4;

-- ----------------------------
--  Records of `base_menu`
-- ----------------------------
BEGIN;
INSERT INTO `base_menu` VALUES ('1', 'userManager', '用户管理', '5', '/admin/user', 'fa-user', 'menu', '0', '', '/adminSys/baseManager/userManager', null, null, null, null, null, '2017-09-05 21:06:51', '1', 'Mr.AG', '127.0.0.1', '_import(\'admin/user/index\')', null, null, null, null, null, null, null), ('5', 'baseManager', '基础配置管理', '13', '/admin', 'setting', 'dirt', '0', '', '/adminSys/baseManager', null, null, null, null, null, '2017-09-05 21:46:11', '1', 'Mr.AG', '127.0.0.1', 'Layout', null, null, null, null, null, null, null), ('6', 'menuManager', '菜单管理', '5', '/admin/menu', 'category', 'menu', '0', '', '/adminSys/baseManager/menuManager', null, null, null, null, null, '2017-09-05 21:10:25', '1', 'Mr.AG', '127.0.0.1', '_import(\'admin/menu/index\')', null, null, null, null, null, null, null), ('7', 'groupManager', '角色权限管理', '5', '/admin/group', 'group_fill', 'menu', '0', '', '/adminSys/baseManager/groupManager', null, null, null, null, null, '2017-09-05 21:11:34', '1', 'Mr.AG', '127.0.0.1', 'import(\'admin/group/index\')', null, null, null, null, null, null, null), ('8', 'groupTypeManager', '角色类型管理', '5', '/admin/groupType', 'fa-users', 'menu', '0', '', '/adminSys/baseManager/groupTypeManager', null, null, null, null, null, '2017-09-05 21:12:28', '1', 'Mr.AG', '127.0.0.1', '_import(\'admin/groupType/index\')', null, null, null, null, null, null, null), ('13', 'adminSys', '权限管理系统', '-1', '/base', 'setting', 'dirt', '0', '', '/adminSys', null, null, null, null, null, '2017-09-28 12:09:22', '1', 'Mr.AG', '127.0.0.1', 'Layout', null, null, null, null, null, null, null), ('21', 'dictManager', '数据字典', '5', '', 'fa fa-book', null, '0', '', '/adminSys/baseManager/dictManager', null, null, null, null, null, null, null, null, null, null, null, null, null, null, null, null, null), ('27', 'gateLogManager', '操作日志', '5', '/admin/gateLog', 'viewlist', 'menu', '0', '', '/adminSys/baseManager/gateLogManager', null, '2017-07-01 00:00:00', '1', 'admin', '0:0:0:0:0:0:0:1', '2017-09-05 22:32:55', '1', 'Mr.AG', '127.0.0.1', '_import(\'admin/gateLog/index\')', null, null, null, null, null, null, null), ('29', 'authManager', '服务权限管理', '13', '/auth', 'service', null, '0', '服务权限管理', '/adminSys/authManager', null, '2017-12-26 19:54:45', '1', 'Mr.AG', '127.0.0.1', '2017-12-26 19:55:18', '1', 'Mr.AG', '127.0.0.1', null, null, null, null, null, null, null, null), ('30', 'serviceManager', '服务管理', '29', '/auth/service', 'client', null, '0', '服务管理', '/adminSys/authManager/serviceManager', null, '2017-12-26 19:56:06', '1', 'Mr.AG', '127.0.0.1', '2017-12-26 19:56:06', '1', 'Mr.AG', '127.0.0.1', null, null, null, null, null, null, null, null), ('31', 'monitorManager', '监控模块管理', '13', null, 'service', null, '0', null, '/adminSys/monitorManager', null, '2018-02-25 09:36:35', '1', 'Mr.AG', '127.0.0.1', '2018-02-25 09:38:55', '1', 'Mr.AG', '127.0.0.1', null, null, null, null, null, null, null, null), ('32', 'serviceEurekaManager', '服务注册中心', '31', null, 'client', null, '0', null, '/adminSys/monitorManager/serviceEurekaManager', null, '2018-02-25 09:37:04', '1', 'Mr.AG', '127.0.0.1', '2018-02-25 09:37:41', '1', 'Mr.AG', '127.0.0.1', null, null, null, null, null, null, null, null), ('33', 'serviceMonitorManager', '服务状态监控', '31', null, 'client', null, '0', null, '/adminSys/monitorManager/serviceEurekaManager', null, '2018-02-25 09:37:05', '1', 'Mr.AG', '127.0.0.1', '2018-02-25 09:37:35', '1', 'Mr.AG', '127.0.0.1', null, null, null, null, null, null, null, null), ('34', 'serviceZipkinManager', '服务链路监控', '31', null, 'client', null, '0', null, '/adminSys/monitorManager/serviceZipkinManager', null, '2018-02-25 09:38:05', '1', 'Mr.AG', '127.0.0.1', '2018-02-25 09:38:05', '1', 'Mr.AG', '127.0.0.1', null, null, null, null, null, null, null, null);
COMMIT;

-- ----------------------------
--  Table structure for `base_resource_authority`
-- ----------------------------
DROP TABLE IF EXISTS `base_resource_authority`;
CREATE TABLE `base_resource_authority` (
  `id` int(11) NOT NULL AUTO_INCREMENT,
  `authority_id` varchar(255) DEFAULT NULL COMMENT '角色ID',
  `authority_type` varchar(255) DEFAULT NULL COMMENT '角色类型',
  `resource_id` varchar(255) DEFAULT NULL COMMENT '资源ID',
  `resource_type` varchar(255) DEFAULT NULL COMMENT '资源类型',
  `parent_id` varchar(255) DEFAULT NULL,
  `path` varchar(2000) DEFAULT NULL,
  `description` varchar(255) DEFAULT NULL,
  `crt_time` datetime DEFAULT NULL,
  `crt_user` varchar(255) DEFAULT NULL,
  `crt_name` varchar(255) DEFAULT NULL,
  `crt_host` varchar(255) DEFAULT NULL,
  `attr1` varchar(255) DEFAULT NULL,
  `attr2` varchar(255) DEFAULT NULL,
  `attr3` varchar(255) DEFAULT NULL,
  `attr4` varchar(255) DEFAULT NULL,
  `attr5` varchar(255) DEFAULT NULL,
  `attr6` varchar(255) DEFAULT NULL,
  `attr7` varchar(255) DEFAULT NULL,
  `attr8` varchar(255) DEFAULT NULL,
  PRIMARY KEY (`id`)
) ENGINE=InnoDB AUTO_INCREMENT=981 DEFAULT CHARSET=utf8mb4;

-- ----------------------------
--  Records of `base_resource_authority`
-- ----------------------------
BEGIN;
INSERT INTO `base_resource_authority` VALUES ('287', '1', 'group', '5', 'button', '-1', null, null, null, null, null, null, null, null, null, null, null, null, null, null), ('288', '1', 'group', '9', 'button', '-1', null, null, null, null, null, null, null, null, null, null, null, null, null, null), ('289', '1', 'group', '10', 'button', '-1', null, null, null, null, null, null, null, null, null, null, null, null, null, null), ('290', '1', 'group', '11', 'button', '-1', null, null, null, null, null, null, null, null, null, null, null, null, null, null), ('291', '1', 'group', '12', 'button', '-1', null, null, null, null, null, null, null, null, null, null, null, null, null, null), ('294', '1', 'group', '5', 'button', '-1', null, null, null, null, null, null, null, null, null, null, null, null, null, null), ('295', '1', 'group', '9', 'button', '-1', null, null, null, null, null, null, null, null, null, null, null, null, null, null), ('296', '1', 'group', '10', 'button', '-1', null, null, null, null, null, null, null, null, null, null, null, null, null, null), ('297', '1', 'group', '11', 'button', '-1', null, null, null, null, null, null, null, null, null, null, null, null, null, null), ('298', '1', 'group', '12', 'button', '-1', null, null, null, null, null, null, null, null, null, null, null, null, null, null), ('299', '1', 'group', '9', 'button', '-1', null, null, null, null, null, null, null, null, null, null, null, null, null, null), ('300', '1', 'group', '12', 'button', '-1', null, null, null, null, null, null, null, null, null, null, null, null, null, null), ('301', '1', 'group', '10', 'button', '-1', null, null, null, null, null, null, null, null, null, null, null, null, null, null), ('302', '1', 'group', '11', 'button', '-1', null, null, null, null, null, null, null, null, null, null, null, null, null, null), ('303', '1', 'group', '13', 'button', '-1', null, null, null, null, null, null, null, null, null, null, null, null, null, null), ('304', '1', 'group', '14', 'button', '-1', null, null, null, null, null, null, null, null, null, null, null, null, null, null), ('305', '1', 'group', '15', 'button', '-1', null, null, null, null, null, null, null, null, null, null, null, null, null, null), ('306', '1', 'group', '10', 'button', '-1', null, null, null, null, null, null, null, null, null, null, null, null, null, null), ('307', '1', 'group', '11', 'button', '-1', null, null, null, null, null, null, null, null, null, null, null, null, null, null), ('308', '1', 'group', '12', 'button', '-1', null, null, null, null, null, null, null, null, null, null, null, null, null, null), ('309', '1', 'group', '13', 'button', '-1', null, null, null, null, null, null, null, null, null, null, null, null, null, null), ('310', '1', 'group', '14', 'button', '-1', null, null, null, null, null, null, null, null, null, null, null, null, null, null), ('311', '1', 'group', '9', 'button', '-1', null, null, null, null, null, null, null, null, null, null, null, null, null, null), ('312', '1', 'group', '15', 'button', '-1', null, null, null, null, null, null, null, null, null, null, null, null, null, null), ('313', '1', 'group', '16', 'button', '-1', null, null, null, null, null, null, null, null, null, null, null, null, null, null), ('314', '1', 'group', '17', 'button', '-1', null, null, null, null, null, null, null, null, null, null, null, null, null, null), ('315', '1', 'group', '18', 'button', '-1', null, null, null, null, null, null, null, null, null, null, null, null, null, null), ('317', '1', 'group', '20', 'button', '-1', null, null, null, null, null, null, null, null, null, null, null, null, null, null), ('318', '1', 'group', '21', 'button', '-1', null, null, null, null, null, null, null, null, null, null, null, null, null, null), ('319', '1', 'group', '22', 'button', '-1', null, null, null, null, null, null, null, null, null, null, null, null, null, null), ('349', '4', 'group', '9', 'button', '-1', null, null, null, null, null, null, null, null, null, null, null, null, null, null), ('371', '1', 'group', '23', 'button', '-1', null, null, null, null, null, null, null, null, null, null, null, null, null, null), ('372', '1', 'group', '24', 'button', '-1', null, null, null, null, null, null, null, null, null, null, null, null, null, null), ('373', '1', 'group', '27', 'button', '-1', null, null, null, null, null, null, null, null, null, null, null, null, null, null), ('374', '1', 'group', '28', 'button', '-1', null, null, null, null, null, null, null, null, null, null, null, null, null, null), ('375', '1', 'group', '23', 'button', '-1', null, null, null, null, null, null, null, null, null, null, null, null, null, null), ('378', '1', 'group', '5', 'button', '-1', null, null, null, null, null, null, null, null, null, null, null, null, null, null), ('379', '1', 'group', '9', 'button', '-1', null, null, null, null, null, null, null, null, null, null, null, null, null, null), ('380', '1', 'group', '11', 'button', '-1', null, null, null, null, null, null, null, null, null, null, null, null, null, null), ('381', '1', 'group', '14', 'button', '-1', null, null, null, null, null, null, null, null, null, null, null, null, null, null), ('382', '1', 'group', '13', 'button', '-1', null, null, null, null, null, null, null, null, null, null, null, null, null, null), ('383', '1', 'group', '15', 'button', '-1', null, null, null, null, null, null, null, null, null, null, null, null, null, null), ('384', '1', 'group', '12', 'button', '-1', null, null, null, null, null, null, null, null, null, null, null, null, null, null), ('385', '1', 'group', '24', 'button', '-1', null, null, null, null, null, null, null, null, null, null, null, null, null, null), ('386', '1', 'group', '10', 'button', '-1', null, null, null, null, null, null, null, null, null, null, null, null, null, null), ('387', '1', 'group', '27', 'button', '-1', null, null, null, null, null, null, null, null, null, null, null, null, null, null), ('388', '1', 'group', '16', 'button', '-1', null, null, null, null, null, null, null, null, null, null, null, null, null, null), ('389', '1', 'group', '18', 'button', '-1', null, null, null, null, null, null, null, null, null, null, null, null, null, null), ('390', '1', 'group', '17', 'button', '-1', null, null, null, null, null, null, null, null, null, null, null, null, null, null), ('392', '1', 'group', '20', 'button', '-1', null, null, null, null, null, null, null, null, null, null, null, null, null, null), ('393', '1', 'group', '28', 'button', '-1', null, null, null, null, null, null, null, null, null, null, null, null, null, null), ('394', '1', 'group', '22', 'button', '-1', null, null, null, null, null, null, null, null, null, null, null, null, null, null), ('395', '1', 'group', '21', 'button', '-1', null, null, null, null, null, null, null, null, null, null, null, null, null, null), ('396', '4', 'group', '23', 'button', '-1', null, null, null, null, null, null, null, null, null, null, null, null, null, null), ('397', '4', 'group', '9', 'button', '-1', null, null, null, null, null, null, null, null, null, null, null, null, null, null), ('398', '4', 'group', '27', 'button', '-1', null, null, null, null, null, null, null, null, null, null, null, null, null, null), ('399', '4', 'group', '24', 'button', '-1', null, null, null, null, null, null, null, null, null, null, null, null, null, null), ('400', '4', 'group', '28', 'button', '-1', null, null, null, null, null, null, null, null, null, null, null, null, null, null), ('401', '1', 'group', '30', 'button', '-1', null, null, null, null, null, null, null, null, null, null, null, null, null, null), ('402', '1', 'group', '30', 'button', '-1', null, null, null, null, null, null, null, null, null, null, null, null, null, null), ('403', '1', 'group', '31', 'button', '-1', null, null, null, null, null, null, null, null, null, null, null, null, null, null), ('421', '1', 'group', '31', 'button', '-1', null, null, null, null, null, null, null, null, null, null, null, null, null, null), ('422', '1', 'group', '30', 'button', '-1', null, null, null, null, null, null, null, null, null, null, null, null, null, null), ('423', '4', 'group', '31', 'button', '-1', null, null, null, null, null, null, null, null, null, null, null, null, null, null), ('424', '4', 'group', '30', 'button', '-1', null, null, null, null, null, null, null, null, null, null, null, null, null, null), ('436', '1', 'group', '32', 'button', '-1', null, null, null, null, null, null, null, null, null, null, null, null, null, null), ('437', '1', 'group', '33', 'button', '-1', null, null, null, null, null, null, null, null, null, null, null, null, null, null), ('438', '1', 'group', '34', 'button', '-1', null, null, null, null, null, null, null, null, null, null, null, null, null, null), ('439', '1', 'group', '35', 'button', '-1', null, null, null, null, null, null, null, null, null, null, null, null, null, null), ('440', '4', 'group', '32', 'button', '-1', null, null, null, null, null, null, null, null, null, null, null, null, null, null), ('464', '1', 'group', '30', 'button', '-1', null, null, null, null, null, null, null, null, null, null, null, null, null, null), ('465', '1', 'group', '31', 'button', '-1', null, null, null, null, null, null, null, null, null, null, null, null, null, null), ('466', '1', 'group', '30', 'button', '-1', null, null, null, null, null, null, null, null, null, null, null, null, null, null), ('467', '1', 'group', '31', 'button', '-1', null, null, null, null, null, null, null, null, null, null, null, null, null, null), ('468', '1', 'group', '30', 'button', '-1', null, null, null, null, null, null, null, null, null, null, null, null, null, null), ('469', '1', 'group', '31', 'button', '-1', null, null, null, null, null, null, null, null, null, null, null, null, null, null), ('470', '1', 'group', '30', 'button', '-1', null, null, null, null, null, null, null, null, null, null, null, null, null, null), ('471', '1', 'group', '31', 'button', '-1', null, null, null, null, null, null, null, null, null, null, null, null, null, null), ('472', '1', 'group', '40', 'button', '-1', null, null, null, null, null, null, null, null, null, null, null, null, null, null), ('492', '1', 'group', '30', 'button', '-1', null, null, null, null, null, null, null, null, null, null, null, null, null, null), ('493', '1', 'group', '31', 'button', '-1', null, null, null, null, null, null, null, null, null, null, null, null, null, null), ('494', '1', 'group', '40', 'button', '-1', null, null, null, null, null, null, null, null, null, null, null, null, null, null), ('516', '4', 'group', '41', 'button', '-1', null, null, null, null, null, null, null, null, null, null, null, null, null, null), ('517', '4', 'group', '30', 'button', '-1', null, null, null, null, null, null, null, null, null, null, null, null, null, null), ('518', '4', 'group', '31', 'button', '-1', null, null, null, null, null, null, null, null, null, null, null, null, null, null), ('519', '4', 'group', '40', 'button', '-1', null, null, null, null, null, null, null, null, null, null, null, null, null, null), ('611', '4', 'group', '42', 'button', '-1', null, null, null, null, null, null, null, null, null, null, null, null, null, null), ('612', '4', 'group', '36', 'button', '-1', null, null, null, null, null, null, null, null, null, null, null, null, null, null), ('628', '4', 'group', '13', 'menu', '-1', null, null, null, null, null, null, null, null, null, null, null, null, null, null), ('629', '4', 'group', '5', 'menu', '-1', null, null, null, null, null, null, null, null, null, null, null, null, null, null), ('630', '4', 'group', '1', 'menu', '-1', null, null, null, null, null, null, null, null, null, null, null, null, null, null), ('631', '4', 'group', '6', 'menu', '-1', null, null, null, null, null, null, null, null, null, null, null, null, null, null), ('632', '4', 'group', '7', 'menu', '-1', null, null, null, null, null, null, null, null, null, null, null, null, null, null), ('633', '4', 'group', '8', 'menu', '-1', null, null, null, null, null, null, null, null, null, null, null, null, null, null), ('634', '4', 'group', '27', 'menu', '-1', null, null, null, null, null, null, null, null, null, null, null, null, null, null), ('635', '4', 'group', '9', 'menu', '-1', null, null, null, null, null, null, null, null, null, null, null, null, null, null), ('636', '4', 'group', '24', 'menu', '-1', null, null, null, null, null, null, null, null, null, null, null, null, null, null), ('637', '4', 'group', '22', 'menu', '-1', null, null, null, null, null, null, null, null, null, null, null, null, null, null), ('638', '4', 'group', '23', 'menu', '-1', null, null, null, null, null, null, null, null, null, null, null, null, null, null), ('639', '4', 'group', '25', 'menu', '-1', null, null, null, null, null, null, null, null, null, null, null, null, null, null), ('640', '4', 'group', '26', 'menu', '-1', null, null, null, null, null, null, null, null, null, null, null, null, null, null), ('641', '4', 'group', '28', 'menu', '-1', null, null, null, null, null, null, null, null, null, null, null, null, null, null), ('666', '1', 'group', '41', 'button', '-1', null, null, null, null, null, null, null, null, null, null, null, null, null, null), ('689', '1', 'group', '43', 'button', '-1', null, null, null, null, null, null, null, null, null, null, null, null, null, null), ('691', '1', 'group', '44', 'button', '-1', null, null, null, null, null, null, null, null, null, null, null, null, null, null), ('710', '9', 'group', '42', 'button', '-1', null, null, null, null, null, null, null, null, null, null, null, null, null, null), ('711', '9', 'group', '43', 'button', '-1', null, null, null, null, null, null, null, null, null, null, null, null, null, null), ('712', '9', 'group', '44', 'button', '-1', null, null, null, null, null, null, null, null, null, null, null, null, null, null), ('713', '9', 'group', '45', 'button', '-1', null, null, null, null, null, null, null, null, null, null, null, null, null, null), ('718', '9', 'group', '42', 'button', '-1', null, null, null, null, null, null, null, null, null, null, null, null, null, null), ('719', '9', 'group', '44', 'button', '-1', null, null, null, null, null, null, null, null, null, null, null, null, null, null), ('720', '9', 'group', '45', 'button', '-1', null, null, null, null, null, null, null, null, null, null, null, null, null, null), ('721', '9', 'group', '43', 'button', '-1', null, null, null, null, null, null, null, null, null, null, null, null, null, null), ('722', '1', 'group', '41', 'button', '-1', null, null, null, null, null, null, null, null, null, null, null, null, null, null), ('749', '10', 'group', '13', 'menu', '-1', null, null, null, null, null, null, null, null, null, null, null, null, null, null), ('750', '10', 'group', '14', 'menu', '-1', null, null, null, null, null, null, null, null, null, null, null, null, null, null), ('751', '10', 'group', '-1', 'menu', '-1', null, null, null, null, null, null, null, null, null, null, null, null, null, null), ('752', '10', 'group', '5', 'menu', '-1', null, null, null, null, null, null, null, null, null, null, null, null, null, null), ('753', '10', 'group', '6', 'menu', '-1', null, null, null, null, null, null, null, null, null, null, null, null, null, null), ('754', '10', 'group', '17', 'menu', '-1', null, null, null, null, null, null, null, null, null, null, null, null, null, null), ('755', '10', 'group', '20', 'menu', '-1', null, null, null, null, null, null, null, null, null, null, null, null, null, null), ('774', '1', 'group', '3', 'button', '-1', null, null, null, null, null, null, null, null, null, null, null, null, null, null), ('775', '1', 'group', '4', 'button', '-1', null, null, null, null, null, null, null, null, null, null, null, null, null, null), ('812', '1', 'group', '19', 'button', '-1', null, null, null, null, null, null, null, null, null, null, null, null, null, null), ('849', '9', 'group', '1', 'menu', '-1', null, null, null, null, null, null, null, null, null, null, null, null, null, null), ('850', '9', 'group', '13', 'menu', '-1', null, null, null, null, null, null, null, null, null, null, null, null, null, null), ('851', '9', 'group', '14', 'menu', '-1', null, null, null, null, null, null, null, null, null, null, null, null, null, null), ('852', '9', 'group', '-1', 'menu', '-1', null, null, null, null, null, null, null, null, null, null, null, null, null, null), ('853', '9', 'group', '5', 'menu', '-1', null, null, null, null, null, null, null, null, null, null, null, null, null, null), ('854', '9', 'group', '17', 'menu', '-1', null, null, null, null, null, null, null, null, null, null, null, null, null, null), ('855', '9', 'group', '18', 'menu', '-1', null, null, null, null, null, null, null, null, null, null, null, null, null, null), ('856', '9', 'group', '20', 'menu', '-1', null, null, null, null, null, null, null, null, null, null, null, null, null, null), ('924', '1', 'group', '42', 'button', '-1', null, null, null, null, null, null, null, null, null, null, null, null, null, null), ('945', '1', 'group', '45', 'button', '-1', null, null, null, null, null, null, null, null, null, null, null, null, null, null), ('956', '1', 'group', '46', 'button', '-1', null, null, null, null, null, null, null, null, null, null, null, null, null, null), ('967', '1', 'group', '33', 'menu', '-1', null, null, null, null, null, null, null, null, null, null, null, null, null, null), ('968', '1', 'group', '34', 'menu', '-1', null, null, null, null, null, null, null, null, null, null, null, null, null, null), ('969', '1', 'group', '13', 'menu', '-1', null, null, null, null, null, null, null, null, null, null, null, null, null, null), ('970', '1', 'group', '-1', 'menu', '-1', null, null, null, null, null, null, null, null, null, null, null, null, null, null), ('971', '1', 'group', '27', 'menu', '-1', null, null, null, null, null, null, null, null, null, null, null, null, null, null), ('972', '1', 'group', '29', 'menu', '-1', null, null, null, null, null, null, null, null, null, null, null, null, null, null), ('973', '1', 'group', '1', 'menu', '-1', null, null, null, null, null, null, null, null, null, null, null, null, null, null), ('974', '1', 'group', '5', 'menu', '-1', null, null, null, null, null, null, null, null, null, null, null, null, null, null), ('975', '1', 'group', '6', 'menu', '-1', null, null, null, null, null, null, null, null, null, null, null, null, null, null), ('976', '1', 'group', '7', 'menu', '-1', null, null, null, null, null, null, null, null, null, null, null, null, null, null), ('977', '1', 'group', '8', 'menu', '-1', null, null, null, null, null, null, null, null, null, null, null, null, null, null), ('978', '1', 'group', '30', 'menu', '-1', null, null, null, null, null, null, null, null, null, null, null, null, null, null), ('979', '1', 'group', '31', 'menu', '-1', null, null, null, null, null, null, null, null, null, null, null, null, null, null), ('980', '1', 'group', '32', 'menu', '-1', null, null, null, null, null, null, null, null, null, null, null, null, null, null);
COMMIT;

-- ----------------------------
--  Table structure for `base_user`
-- ----------------------------
DROP TABLE IF EXISTS `base_user`;
CREATE TABLE `base_user` (
  `id` int(11) NOT NULL AUTO_INCREMENT,
  `user_id` bigint(11) NOT NULL,
  `username` varchar(255) DEFAULT NULL,
  `password` varchar(255) DEFAULT NULL,
  `name` varchar(255) DEFAULT NULL,
  `dept_id` int(11) DEFAULT NULL COMMENT '所属部门机构ID',
  `dept_name` varchar(255) DEFAULT NULL COMMENT '所属部门机构名称',
  `birthday` varchar(255) DEFAULT NULL,
  `address` varchar(255) DEFAULT NULL,
  `mobile_phone` varchar(255) DEFAULT NULL,
  `tel_phone` varchar(255) DEFAULT NULL,
  `email` varchar(255) DEFAULT NULL,
  `sex` char(1) DEFAULT NULL,
  `type` char(1) DEFAULT NULL,
  `status` char(1) DEFAULT NULL,
  `description` varchar(255) DEFAULT NULL,
  `crt_time` datetime DEFAULT NULL,
  `crt_user` varchar(255) DEFAULT NULL,
  `crt_name` varchar(255) DEFAULT NULL,
  `crt_host` varchar(255) DEFAULT NULL,
  `upd_time` datetime DEFAULT NULL,
  `upd_user` varchar(255) DEFAULT NULL,
  `upd_name` varchar(255) DEFAULT NULL,
  `upd_host` varchar(255) DEFAULT NULL,
  `attr1` varchar(255) DEFAULT NULL,
  `attr2` varchar(255) DEFAULT NULL,
  `attr3` varchar(255) DEFAULT NULL,
  `attr4` varchar(255) DEFAULT NULL,
  `attr5` varchar(255) DEFAULT NULL,
  `attr6` varchar(255) DEFAULT NULL,
  `attr7` varchar(255) DEFAULT NULL,
  `attr8` varchar(255) DEFAULT NULL,
  PRIMARY KEY (`id`)
) ENGINE=InnoDB AUTO_INCREMENT=5 DEFAULT CHARSET=utf8mb4;

-- ----------------------------
--  Records of `base_user`
-- ----------------------------
BEGIN;
INSERT INTO `base_user` VALUES ('1', '1112', 'admin', '$2a$12$S/yLlj9kzi5Dgsz97H4rAekxrPlk/10eXp1lUJcAVAx.2M9tOpWie', 'Mr.AG', '1','22','', null, '', null, '', '男', null, null, '', null, null, null, null, '2017-11-16 23:23:49', '1', 'Mr.AG', '127.0.0.1', null, null, null, null, null, null, null, null),
 ('2', '2233', 'test', '$2a$12$zWe6knO6rGp15UVfdWTTxu.Ykt.k3QnD5FPoj6a1cnL63csHY2A1S', '测试账户', '1','33','', null, '', null, '', '男', null, null, '', null, null, null, null, '2017-07-15 19:18:07', '1', '管理员', '0:0:0:0:0:0:0:1', null, null, null, null, null, null, null, null), 
('4', '34444', 'blog', '$2a$12$S/yLlj9kzi5Dgsz97H4rAekxrPlk/10eXp1lUJcAVAx.2M9tOpWie', 'Mr.AG(博主)', '2','232','', null, '', null, '', '男', null, null, '12', null, null, null, null, '2017-09-12 23:20:33', '1', 'Mr.AG', '127.0.0.1', null, null, null, null, null, null, null, null);
COMMIT;

-- 部门
DROP TABLE IF EXISTS `base_dept`;
CREATE TABLE `base_dept` (
  `platform_id` BIGINT NOT NULL COMMENT '所属平台ID',
  `id` INT NOT NULL AUTO_INCREMENT,
  `parent_id` INT COMMENT '上级部门ID，一级部门为0',
  `name` VARCHAR(50) COMMENT '部门名称',
  `order_num` INT COMMENT '排序',
  `del_flag` TINYINT DEFAULT 0 COMMENT '是否删除  -1：已删除  0：正常',
  PRIMARY KEY (`id`)
) ENGINE=INNODB DEFAULT CHARSET=utf8 COMMENT='部门管理';

INSERT INTO `base_dept` VALUES ('1','1','-1','部门名称','1','0');
INSERT INTO `base_dept` VALUES ('1','2','1','所属平台自增','1','0');

-- 角色
DROP TABLE IF EXISTS `base_role`;
CREATE TABLE `base_role` (
  `role_id` int NOT NULL AUTO_INCREMENT,
  `role_name` varchar(100) COMMENT '角色名称',
  `remark` varchar(100) COMMENT '备注',
  `dept_id` int NOT NULL COMMENT '部门ID',
  `create_time` datetime COMMENT '创建时间',
  PRIMARY KEY (`role_id`)
) ENGINE=InnoDB DEFAULT CHARSET=utf8 COMMENT='角色';

-- 用户与角色对应关系
DROP TABLE IF EXISTS `base_user_role`;
CREATE TABLE `base_user_role` (
  `id` int NOT NULL AUTO_INCREMENT,
  `user_id` bigint NOT NULL COMMENT '用户ID',
  `role_id` int NOT NULL COMMENT '角色ID',
  PRIMARY KEY (`id`)
) ENGINE=InnoDB DEFAULT CHARSET=utf8 COMMENT='用户与角色对应关系';

-- 角色与菜单对应关系
CREATE TABLE `base_role_menu` (
  `id` bigint NOT NULL AUTO_INCREMENT,
  `role_id` bigint COMMENT '角色ID',
  `menu_id` bigint COMMENT '菜单ID',
  PRIMARY KEY (`id`)
) ENGINE=InnoDB DEFAULT CHARSET=utf8 COMMENT='角色与菜单对应关系';

-- 角色与部门对应关系
CREATE TABLE `base_role_dept` (
  `id` bigint NOT NULL AUTO_INCREMENT,
  `role_id` bigint COMMENT '角色ID',
  `dept_id` bigint COMMENT '部门ID',
  PRIMARY KEY (`id`)
) ENGINE=InnoDB DEFAULT CHARSET=utf8 COMMENT='角色与部门对应关系';


-- 系统配置信息
DROP TABLE IF EXISTS `base_config`;
CREATE TABLE `base_config` (
  `id` int NOT NULL AUTO_INCREMENT,
  `param_key` varchar(50) COMMENT 'key',
  `param_value` varchar(2000) COMMENT 'value',
  `status` tinyint DEFAULT 1 COMMENT '状态   0：隐藏   1：显示',
  `remark` varchar(500) COMMENT '备注',
  PRIMARY KEY (`id`),
  UNIQUE INDEX (`param_key`)
) ENGINE=`InnoDB` DEFAULT CHARACTER SET utf8 COMMENT='系统配置信息表';

-- 数据字典
DROP TABLE IF EXISTS `base_dict`;
CREATE TABLE `base_dict` (
  `id` int NOT NULL AUTO_INCREMENT,
  `name` varchar(100) NOT NULL COMMENT '字典名称',
  `type` varchar(100) NOT NULL COMMENT '字典类型',
  `code` varchar(100) NOT NULL COMMENT '字典码',
  `value` varchar(1000) NOT NULL COMMENT '字典值',
  `order_num` int DEFAULT 0 COMMENT '排序',
  `remark` varchar(255) COMMENT '备注',
  `del_flag` tinyint DEFAULT 0 COMMENT '删除标记  -1：已删除  0：正常',
  PRIMARY KEY (`id`),
  UNIQUE KEY(`type`,`code`)
) ENGINE=InnoDB DEFAULT CHARACTER SET utf8 COMMENT='数据字典表';

DROP TABLE IF EXISTS `base_platform`;
CREATE TABLE `base_platform` (
  `id` int NOT NULL AUTO_INCREMENT,
  `platform_id` bigint NOT NULL COMMENT '平台id',
  `platform_key` varchar(100) COMMENT '平台key',
  `platform_name` varchar(1000) COMMENT '平台名称',
  `platform_intro` varchar(1000) COMMENT '平台简介',
  `crt_time` datetime DEFAULT NULL COMMENT '操作时间',
  `upt_time` datetime DEFAULT NULL COMMENT '更新时间',
  `crt_name` varchar(255) DEFAULT NULL COMMENT '操作人',
  PRIMARY KEY (`id`)
) ENGINE=InnoDB DEFAULT CHARSET=utf8 COMMENT='接入平台';

-- ----------------------------
--  Table structure for `gate_log`
-- ----------------------------
DROP TABLE IF EXISTS `gate_log`;
CREATE TABLE `gate_log` (
  `id` int(11) NOT NULL AUTO_INCREMENT COMMENT '序号',
  `menu` varchar(255) DEFAULT NULL COMMENT '菜单',
  `opt` varchar(255) DEFAULT NULL COMMENT '操作',
  `uri` varchar(255) DEFAULT NULL COMMENT '资源路径',
  `crt_time` datetime DEFAULT NULL COMMENT '操作时间',
  `crt_user` varchar(255) DEFAULT NULL COMMENT '操作人ID',
  `crt_name` varchar(255) DEFAULT NULL COMMENT '操作人',
  `crt_host` varchar(255) DEFAULT NULL COMMENT '操作主机',
  PRIMARY KEY (`id`)
) ENGINE=InnoDB AUTO_INCREMENT=11 DEFAULT CHARSET=utf8mb4;

-- ----------------------------
--  Records of `gate_log`
-- ----------------------------
BEGIN;
INSERT INTO `gate_log` VALUES ('1', '菜单管理', '新增', '/admin/menu', '2018-02-25 09:36:35', '1', 'Mr.AG', '127.0.0.1'), ('2', '菜单管理', '新增', '/admin/menu', '2018-02-25 09:37:04', '1', 'Mr.AG', '127.0.0.1'), ('3', '菜单管理', '新增', '/admin/menu', '2018-02-25 09:37:04', '1', 'Mr.AG', '127.0.0.1'), ('4', '菜单管理', '编辑', '/admin/menu', '2018-02-25 09:37:20', '1', 'Mr.AG', '127.0.0.1'), ('5', '菜单管理', '编辑', '/admin/menu', '2018-02-25 09:37:32', '1', 'Mr.AG', '127.0.0.1'), ('6', '菜单管理', '编辑', '/admin/menu', '2018-02-25 09:37:35', '1', 'Mr.AG', '127.0.0.1'), ('7', '菜单管理', '编辑', '/admin/menu', '2018-02-25 09:37:40', '1', 'Mr.AG', '127.0.0.1'), ('8', '菜单管理', '新增', '/admin/menu', '2018-02-25 09:38:04', '1', 'Mr.AG', '127.0.0.1'), ('9', '角色权限管理', '新增', '/admin/group', '2018-02-25 09:38:21', '1', 'Mr.AG', '127.0.0.1'), ('10', '菜单管理', '编辑', '/admin/menu', '2018-02-25 09:38:55', '1', 'Mr.AG', '127.0.0.1');
COMMIT;

SET FOREIGN_KEY_CHECKS = 1;
